outcome,model,group,label,standardized_cif,ci95_lower,ci95_upper,risk_difference_vs_group1,risk_difference_ci95_lower,risk_difference_ci95_upper,risk_ratio_vs_group1,risk_ratio_ci95_lower,risk_ratio_ci95_upper,bootstrap_successful_iterations
icu_readmission_365d,Model 1,1_no_primary_psych_no_delirium,No psychiatric comorbidity / no delirium,0.12935952678901,0.12309756385790288,0.13550545651665383,0.0,0.0,0.0,1.0,1.0,1.0,1000
icu_readmission_365d,Model 1,2_primary_psych_no_delirium,Psychiatric comorbidity / no delirium,0.12728271446060976,0.11841620456666589,0.13565082349984206,-0.002076812328400235,-0.013442794539410276,0.007884757578677997,0.9839454241991191,0.901553804322791,1.062151097276098,1000
icu_readmission_365d,Model 1,3_no_primary_psych_delirium,No psychiatric comorbidity / delirium,0.1543082704564539,0.1442765186010356,0.1657093718851639,0.0249487436674439,0.012129711561430948,0.03825598228575775,1.192863597190922,1.0919781179709602,1.3021491390508622,1000
icu_readmission_365d,Model 1,4_primary_psych_delirium,Psychiatric comorbidity / delirium,0.1329593423796503,0.12111839281387739,0.14637578000371926,0.003599815590640293,-0.011186322540783805,0.017990577674444667,1.0278279897893545,0.9149357852346303,1.1449471575791674,1000
icu_readmission_365d,Model 2,1_no_primary_psych_no_delirium,No psychiatric comorbidity / no delirium,0.1312851943844716,0.12485903156532559,0.13767850759266223,0.0,0.0,0.0,1.0,1.0,1.0,1000
icu_readmission_365d,Model 2,2_primary_psych_no_delirium,Psychiatric comorbidity / no delirium,0.12960481012157754,0.12055334185750304,0.13826489828404187,-0.0016803842628940469,-0.013208289583044692,0.00837756867098748,0.9872005044378956,0.9030015097423228,1.0647996334084644,1000
icu_readmission_365d,Model 2,3_no_primary_psych_delirium,No psychiatric comorbidity / delirium,0.14903458801041589,0.13897329429219862,0.16010593366980763,0.0177493936259443,0.005291610683982985,0.03120305062465592,1.135197222422239,1.0380294354417638,1.2457211171057414,1000
icu_readmission_365d,Model 2,4_primary_psych_delirium,Psychiatric comorbidity / delirium,0.12876690155471843,0.11725574483529347,0.14185132813827933,-0.0025182928297531604,-0.017099271221199273,0.011653303902407616,0.9808181505800396,0.8756663514013615,1.0926709413504252,1000
