model,term,HR,CI95_lower,CI95_upper,wald_p_value,interaction_lrt_chisq,interaction_lrt_df,interaction_lrt_p_value,analysis_n,event_n,penalizer
Model 1,psych_primary_documented_by_index,1.1219550271791174,1.0351823786175287,1.2160012660702175,0.005080424224425496,,,,29366,5105,0.0
Model 1,delirium_binary,1.4756888290468952,1.3745814273093888,1.5842331904893785,6.220216395654816e-27,4.249041661081719,1.0,0.03927248627059215,29366,5105,0.0
Model 1,psych_primary_documented_by_index:delirium_binary,0.885478041954092,0.788750115808615,0.9940681428351161,0.039325154743817446,4.249041661081719,1.0,0.03927248627059215,29366,5105,0.0
Model 2,psych_primary_documented_by_index,1.1254209723487065,1.038399672460343,1.219734942713668,0.004006361553017173,,,,29366,5105,0.0
Model 2,delirium_binary,1.4659531050486836,1.3610435311026496,1.5789491350514329,5.730677015983981e-24,4.072030241208267,1.0,0.043598842309964206,29366,5105,0.0
Model 2,psych_primary_documented_by_index:delirium_binary,0.8877348289285779,0.7907491151633073,0.9966158815493545,0.04365460593600811,4.072030241208267,1.0,0.043598842309964206,29366,5105,0.0
