time_window,contrast,group,coefficient,standard_error,HR,CI95_lower,CI95_upper
0_30_days,2_primary_psych_no_delirium vs 1_no_primary_psych_no_delirium,2_primary_psych_no_delirium,0.18014253843879605,0.07741398168449817,1.197388024778283,1.028818580127014,1.393577166642378
30_90_days,2_primary_psych_no_delirium vs 1_no_primary_psych_no_delirium,2_primary_psych_no_delirium,0.20147604835415162,0.07983180403885942,1.223206938892542,1.0460338352950664,1.430388927077873
90_365_days,2_primary_psych_no_delirium vs 1_no_primary_psych_no_delirium,2_primary_psych_no_delirium,0.046467697898208205,0.05814352582356781,1.0475642399952865,0.9347336910065234,1.1740144251516482
0_30_days,3_no_primary_psych_delirium vs 1_no_primary_psych_no_delirium,3_no_primary_psych_delirium,0.7691614675075554,0.0640023519963335,2.157955978698344,1.9035429448802936,2.4463719184926367
30_90_days,3_no_primary_psych_delirium vs 1_no_primary_psych_no_delirium,3_no_primary_psych_delirium,0.3771028001026096,0.07344478491236062,1.4580541897875534,1.262572140688616,1.6838024155970572
90_365_days,3_no_primary_psych_delirium vs 1_no_primary_psych_no_delirium,3_no_primary_psych_delirium,0.103679041127681,0.05593577280364581,1.1092443759512565,0.9940626227381063,1.237772206131582
0_30_days,4_primary_psych_delirium vs 1_no_primary_psych_no_delirium,4_primary_psych_delirium,0.787724275016051,0.07428119609723328,2.198387803245029,1.9005306386223586,2.542926083506733
30_90_days,4_primary_psych_delirium vs 1_no_primary_psych_no_delirium,4_primary_psych_delirium,0.30029858105000434,0.09066298376986821,1.3502619100125064,1.1304311773964875,1.6128423048536904
90_365_days,4_primary_psych_delirium vs 1_no_primary_psych_no_delirium,4_primary_psych_delirium,0.12829566787363322,0.06773110876090359,1.1368890945899786,0.9955526137446483,1.2982908141197866
