time_window,term,HR,CI95_lower,CI95_upper,wald_p_value,analysis_n,event_n,penalizer
0_30_days,psych_primary_documented_by_index:delirium_binary,0.8657864782085983,0.706941351019019,1.0603230731493614,0.16344674464571934,29366,1639,0.0
30_90_days,psych_primary_documented_by_index:delirium_binary,0.7574391125248336,0.5965162659767015,0.9617742916750831,0.022619062070127243,27727,1213,0.0
90_365_days,psych_primary_documented_by_index:delirium_binary,0.9667736241096407,0.8084084990216172,1.1561620658432685,0.7112278529414664,26514,2253,0.0
